age,monthly_spend,sessions_per_month,avg_session_duration,num_products_used,support_tickets,satisfaction_score,days_since_last_login,referrals_made,email_open_rate,discounts_used,contract_length_months
56,204.8862479,18,32.80158104,3,2,5.619125659,33,0,72.72941017,1,24
69,161.2986104,16,29.00875336,7,3,6.261264414,69,2,31.74984451,3,12
46,59.22520136,18,26.51665293,7,1,6.422806699,44,0,58.1591382,2,24
32,100.6306371,16,33.00836874,7,0,7.432948226,57,3,57.10051236,0,12
60,170.676446,15,5,8,2,5.663174578,50,1,75.49954764,2,6
25,91.69322138,13,30.42300256,5,2,7.479449014,33,2,53.95498271,1,12
38,137.7527771,9,19.76739453,5,2,7.727501937,43,0,33.41781639,1,12
56,150.9853621,18,10.35493683,4,0,6.298266726,14,0,17.90490024,2,12
36,82.92278114,17,29.0896208,7,3,5.792913141,77,0,43.0239369,4,12
40,117.6189858,12,35.98926836,4,5,7.127618548,69,1,10.83649142,3,24
28,20,12,23.90041188,2,1,6.695623805,49,0,37.43028587,4,36
28,79.02449435,13,32.62299638,4,2,7.330527744,31,0,44.14738759,2,12
41,109.8972739,22,37.89822606,8,2,9.354799654,66,2,36.20168044,3,12
53,70.08867272,24,35.51931563,9,6,7.102955573,2,0,50.83547315,5,12
57,185.2964522,11,38.11971623,3,1,6.041154158,85,2,45.27791978,5,36
41,62.79434488,20,30.93701993,7,2,5.663665582,85,0,43.44626917,3,36
20,102.3982205,19,25.60346911,9,1,5.721697553,73,0,1.516987659,4,12
39,125.2296231,17,12.1842735,4,1,4.805850539,50,0,24.10589639,4,24
19,177.6509316,12,23.03150009,3,2,8.399115413,66,2,62.85313464,3,12
41,62.56551395,23,18.25402724,5,0,3.650081771,75,2,66.08512546,2,6
61,166.5265501,11,42.36754174,1,4,7.732157227,47,1,13.22446564,3,6
47,120.4093224,21,23.5929135,3,2,5.69790414,16,0,33.70563638,3,12
55,80.73965396,17,25.98563845,8,3,6.231392178,6,1,71.43930735,5,12
19,138.484139,23,29.41188301,8,1,5.653018538,12,0,35.63922373,3,6
38,127.9623878,13,25.34881957,4,1,9.168796989,65,2,47.77018426,2,24
50,95.99132491,12,38.56040832,2,3,7.024473403,3,1,78.83610658,4,12
29,122.7920834,13,20.01880511,8,2,8.185567788,9,3,42.76845377,4,12
39,104.5874561,8,26.55685964,8,2,8.950790288,87,2,39.9056118,1,12
61,124.5406938,15,19.06023531,4,0,7.245108211,16,0,46.85926619,5,6
42,146.485227,13,14.43981991,3,1,5.206564344,51,0,87.06821596,2,12
66,183.4406726,20,20.10584727,2,2,6.669035875,5,0,58.92403673,1,12
44,70.48738005,12,24.70370562,9,0,5.88662798,82,1,50.38163256,2,12
59,205.321335,20,21.5655822,1,4,6.244743757,68,0,39.51280089,5,6
45,41.91648802,20,19.46063216,7,5,6.858064311,73,1,60.77633856,4,12
33,113.9285962,18,13.74946029,5,0,6.798766537,8,1,63.1939954,5,6
32,143.5326883,15,24.33515542,8,0,7.618163742,76,3,28.53642981,4,24
64,131.2396747,18,12.96223701,4,6,7.835956441,82,1,63.73256384,1,24
68,95.09201921,14,31.08044771,7,0,6.798782236,20,0,46.97695427,2,6
61,111.67511,12,25.65951802,5,1,7.605203377,23,0,50.49597269,1,12
69,100.2799626,13,13.339588,5,0,6.175960218,3,1,32.31421994,4,6
20,96.42540972,12,22.52632738,9,3,8.972169738,23,1,42.00035944,2,12
54,153.9840839,6,18.98274876,9,2,6.151733068,58,1,29.3971547,2,12
68,134.2806194,14,27.55339608,9,3,8.795779727,2,1,28.4356366,3,12
24,92.28361619,19,35.72360357,6,5,4.785899362,67,0,57.54180441,4,12
38,155.983995,14,9.998620243,6,5,6.429389114,39,2,42.89766869,2,36
26,132.2919808,23,25.92020863,5,2,6.50353274,47,0,24.0072466,3,12
56,152.5144848,16,23.71893764,9,3,7.418487692,53,2,93.54105295,4,12
35,145.1851537,23,30.37072061,8,6,8.292725205,34,0,27.50689921,2,12
21,86.84019956,16,26.70557303,7,3,5.125907195,55,2,71.84205922,3,36
42,97.59275839,12,18.98424535,7,2,5.338025437,88,1,20.47072717,2,24
31,149.8917442,11,22.44756851,6,3,4.897137898,39,1,59.1300467,5,12
67,144.4148106,18,18.63179315,5,1,8.980276296,76,2,44.98879263,7,24
26,119.1639362,14,33.60805711,4,1,7.446407414,67,3,37.41886537,4,12
43,124.6930953,17,25.17049319,3,4,5.373443187,45,2,53.93484648,2,24
19,171.1065958,19,40.20952549,3,0,6.335357689,77,0,51.24519713,0,24
37,96.33714445,11,24.51471349,6,6,8.772642093,12,1,33.75069633,3,6
45,141.8838952,16,19.33274586,4,2,6.582821155,26,1,32.84522238,3,24
64,111.9122939,9,12.89028486,6,3,6.494217793,5,2,18.52171576,2,12
24,111.2927519,12,10.57488259,3,2,5.82805494,16,1,56.11128769,1,12
61,163.9510741,17,12.32691246,4,0,5.462511529,35,1,24.92390346,7,12
25,153.016654,9,27.13701321,9,1,8.774985716,80,1,50.07949913,4,24
64,152.5403854,13,29.06980019,5,4,9.510852383,1,1,61.84955968,7,12
52,172.2191523,18,12.35047438,7,3,5.522208396,76,0,54.16110064,4,6
31,120.8401537,8,32.16030651,2,3,9.107413494,51,2,35.53737404,2,24
34,147.2781189,17,21.13551159,5,5,6.268915876,65,1,68.17624823,2,6
53,107.5893297,20,26.1743441,9,1,7.800471993,51,0,41.84057044,4,6
67,132.9666541,15,37.89776503,3,4,9.115320707,42,2,23.31678482,2,12
57,114.7942778,19,32.17471453,9,1,6.782385106,89,1,44.32544991,5,12
21,123.8798386,17,22.85175482,6,1,6.50808712,21,1,61.73594756,4,12
19,143.806281,12,17.8704622,4,1,8.201621446,54,1,36.51171371,0,6
23,87.27117267,19,7.785476789,7,0,5.335070744,66,3,67.5636483,0,36
59,203.695491,17,19.24677345,8,1,8.720592067,59,1,34.5934787,4,24
21,79.75930474,17,23.31095809,6,4,7.214214089,57,0,37.31573613,2,12
46,71.43245549,16,17.10256378,5,2,6.133374238,11,0,29.07841968,2,12
35,166.3244349,20,23.94994426,6,1,6.093748595,87,2,63.67419074,5,12
43,151.6665078,19,25.61481506,5,1,4.924806232,68,1,48.9351486,3,24
61,144.9647927,13,23.20115215,8,1,6.19574175,83,0,30.40476105,4,6
51,145.1338204,19,19.79997935,1,2,6.603943357,38,0,42.07579315,0,6
27,119.5101291,16,26.34923738,7,2,5.408059702,12,1,0,2,24
53,84.10982514,17,28.5355252,2,0,6.931802536,40,0,65.55944727,3,12
31,123.0321823,18,16.27680738,9,2,7.709375627,56,2,46.58506721,3,12
48,92.91353154,18,36.28745904,1,1,6.679791796,52,0,1.87523698,2,24
65,159.0047893,25,24.21129494,6,2,7.99408874,11,0,20.86637117,3,24
32,114.1177047,17,25.15079698,9,2,5.789290026,12,2,41.56811875,2,12
25,86.98011213,13,30.66571539,1,0,8.505074146,73,0,23.71658482,2,24
31,107.1445663,8,26.86572905,4,2,7.182722059,56,2,65.86698647,4,6
40,136.5172582,13,32.62509307,4,0,9.317885755,39,1,58.37145772,4,24
57,97.45101789,18,27.29699332,9,3,10,79,1,57.19071887,1,12
38,87.11118418,18,20.100501,5,4,6.294634612,44,1,0,4,24
33,129.7474885,15,27.8920282,5,4,6.356404185,34,2,39.49083172,1,36
62,129.7986628,17,15.85019034,6,3,6.630636817,2,3,36.04767099,5,36
35,99.72227299,14,25.86847765,1,3,7.893553375,4,3,30.91891092,1,36
64,101.1584678,17,24.73416007,1,2,8.988954956,89,2,41.69649438,4,12
41,129.2819975,17,23.33506514,9,0,6.020787274,10,1,27.47523586,3,12
43,62.07662634,24,23.97169991,3,2,7.5718664,70,0,54.30441466,2,12
42,63.70144902,14,9.945207636,4,3,6.796109065,55,1,65.33102709,2,24
62,91.26223115,14,20.61020074,1,1,7.927163654,9,1,63.60767477,1,24
58,111.4621139,14,25.74275921,9,2,9.26418654,33,1,47.24177497,2,12
46,132.4363026,21,26.27885114,8,1,6.639507644,66,0,89.98479393,1,36
32,179.0142487,11,16.77859887,2,1,4.4951985,71,0,72.79950229,3,24
62,154.3063849,17,35.12566273,8,2,8.115852515,30,2,47.96883593,1,36
18,113.6024588,20,18.07060121,7,3,5.750942172,74,1,40.3545558,1,24
42,119.2393517,26,32.7556576,6,2,6.785326395,70,1,76.76054326,2,12
24,79.89882541,18,28.41755489,1,0,8.180546255,65,1,70.15161366,5,6
26,119.2594746,10,19.83018152,7,3,7.44609228,69,1,21.79145592,6,6
41,108.4536544,22,39.20248714,7,2,6.847419962,40,2,71.71642638,2,12
18,132.9087424,19,15.45090535,9,2,6.136177431,62,1,46.91252931,3,24
61,86.91076226,9,32.35323339,1,0,2.65015933,31,2,32.78176939,5,24
25,140.7738606,17,33.00465854,2,4,8.047481224,19,2,10.41588282,5,24
41,181.3095565,11,19.63503833,9,2,6.620572451,56,1,44.62167611,0,24
28,115.6495941,12,36.1397224,9,2,9.270004418,49,3,49.7554483,3,6
68,136.0684689,13,22.99962788,6,1,7.597042045,79,1,81.74655308,3,6
34,147.6057597,14,27.30954903,6,2,6.188311941,24,0,69.14467615,1,6
25,103.9511811,16,27.08257471,4,2,8.600305133,11,1,38.34226557,1,12
52,128.9636993,18,23.92553007,4,2,8.726694109,70,0,57.78684788,0,12
52,120.503696,15,31.48646619,5,4,6.671452278,38,1,66.52498845,3,6
50,123.9070439,10,31.34790976,3,0,8.790467298,16,1,51.71914776,2,12
22,89.07960865,16,11.01174421,1,1,6.167037917,44,0,38.25691682,1,6
59,120.980407,16,35.43472194,1,4,7.239471654,10,0,39.35655088,6,24
56,139.9199316,13,11.7000641,7,0,7.857112582,69,1,57.70946141,0,12
58,178.0457443,9,33.26036963,1,0,8.177172376,22,1,58.25961131,1,12
45,158.370833,4,34.01364109,1,3,7.932282773,69,1,44.14090768,3,12
24,206.1272983,14,16.27226856,3,0,6.501014229,37,1,0,2,36
26,89.30609748,16,21.7134857,4,1,8.640546461,1,1,24.18954545,2,12
25,154.8928255,19,16.15436265,4,0,6.813359015,85,2,62.39377843,6,12
29,127.3336802,11,23.28063176,2,1,6.146458957,83,2,7.383240053,3,24
51,207.5921173,17,22.53572573,1,2,6.168493049,88,1,73.68362033,1,12
50,87.66806859,7,31.23728426,3,2,9.909982587,78,2,70.72314522,3,36
65,86.41112631,17,35.48246997,4,1,5.887024858,71,3,50.82192764,4,12
40,96.02429418,13,36.16547049,3,2,8.93745284,36,2,61.95862068,0,12
41,35.04417103,15,20.50265579,8,3,5.296799956,48,2,60.57549357,2,6
54,98.96979913,14,23.32622501,1,0,7.731858168,51,2,47.66253743,1,24
52,89.63469354,15,11.53249446,2,3,7.445625177,32,1,22.52221765,3,12
61,126.0157515,8,18.55303947,7,1,9.43184032,21,1,69.3454595,5,6
57,133.670239,12,32.71881306,4,4,6.018397157,4,0,78.14460023,4,12
39,195.0468336,20,37.92466259,8,5,5.604003673,17,2,25.82818952,2,12
44,158.0169535,11,15.12520902,3,1,6.825234432,37,0,21.7748999,3,6
52,96.92385377,17,20.26028593,6,1,9.497202744,36,0,47.2640619,3,24
18,84.06341315,16,24.78875394,9,4,5.67376228,63,1,37.47550809,5,24
52,139.6767669,11,27.24128927,1,1,3.117375052,9,0,52.8989848,1,6
54,67.19067172,8,18.52317184,1,1,7.089651756,78,1,74.1598808,4,12
64,193.2583506,12,28.39248836,8,3,8.424284377,41,0,5.086591235,0,24
31,167.1776048,20,21.20928522,3,2,5.479291101,47,0,81.62543903,2,12
20,101.2329739,18,24.88438183,5,0,8.27189826,43,1,41.86663116,2,12
18,51.47461884,13,29.37027398,1,1,5.446133522,81,0,60.23557957,1,12
22,174.154895,20,25.05137816,5,2,6.780162196,86,2,62.37451676,4,24
43,115.4184062,14,21.50891288,6,1,8.129023473,15,0,64.70682308,5,36
31,169.5126525,15,24.12312157,8,4,5.218801897,53,0,51.23816208,2,24
56,56.22289365,21,24.29309633,3,3,7.272269997,34,1,55.91121204,4,6
44,96.02499908,12,22.03991176,3,0,8.822460267,27,0,55.78044101,4,12
26,120.209748,21,22.9296315,9,2,7.710901149,1,1,37.39434398,2,24
32,121.8792238,16,37.78917736,4,4,5.919060914,12,1,14.83889617,2,6
32,101.9973811,18,29.48735558,4,2,9.278077529,40,0,25.61628344,3,36
43,144.9139973,11,22.63615746,7,1,7.987588768,79,1,47.91524041,3,36
59,77.29518282,27,30.57563524,2,2,4.209328,58,1,34.26386686,3,6
30,114.3048206,20,22.32944408,8,2,8.296365422,68,1,34.31007855,4,36
68,124.8118253,12,34.3849971,6,2,6.142938621,52,1,85.98502091,5,12
49,140.5775534,14,27.95713754,3,1,7.294845321,44,1,67.17789593,4,24
56,148.4645951,13,24.14158285,9,0,8.512006006,19,1,44.95848068,4,12
66,75.01431633,10,28.58173541,5,3,6.175593123,23,0,63.44069891,2,12
69,58.63543317,26,12.43299078,8,6,4.531611079,60,1,41.59462789,2,24
49,171.1070729,17,15.98586025,7,1,9.258317788,57,0,52.21446868,5,24
21,133.2925605,18,15.44859995,8,2,8.746875207,26,2,58.83257297,2,6
47,90.06053854,26,26.14354476,7,2,6.86911598,25,2,41.64788064,1,12
54,182.046079,12,38.86012,3,2,8.280132177,6,3,36.29498905,2,6
40,124.6269854,11,42.85040117,2,2,6.445919902,41,1,74.47863637,4,12
56,167.1718874,13,30.10440881,7,2,7.145455265,46,0,62.28225934,2,12
62,122.7007393,14,29.0067558,3,1,6.783568086,52,0,4.907782434,4,12
32,202.429917,16,10.59153813,3,4,6.506583872,58,3,36.6372814,1,12
60,190.2136337,11,20.6586096,2,3,7.53895387,37,0,34.37455001,3,6
46,110.0414341,17,18.69772998,4,0,5.187731765,68,0,37.57723822,5,6
53,158.862838,16,20.03321921,8,2,6.622628754,86,0,67.24804578,4,6
30,145.815038,11,23.65484945,1,2,7.471719209,52,1,50.38411936,1,12
49,174.7452623,12,21.22327538,1,3,9.757151062,14,1,22.20740658,2,36
24,81.40306158,5,9.165601517,5,1,5.248698677,25,0,42.33570326,2,6
68,147.4420584,14,30.98328205,5,2,7.780829587,47,0,60.83475295,7,36
39,162.3369795,13,16.41805579,1,0,7.945223165,18,2,45.60709969,2,24
45,49.65042054,5,26.91397491,6,3,4.184921904,8,2,37.10648098,3,24
19,72.66965949,14,41.59266136,1,3,7.615798022,63,0,56.62438557,3,24
59,38.43071289,15,17.64492327,5,2,8.320427618,53,2,82.36384979,6,24
62,109.2237266,10,5,9,0,7.882979019,50,1,59.22849666,2,6
23,148.7016902,13,22.71196622,5,3,6.874109118,38,2,76.01883026,2,12
45,180.0942821,11,33.80767708,6,2,7.499860055,3,1,38.44771564,2,24
45,122.9637912,26,40.66677963,8,4,7.254767046,2,0,49.83275778,1,12
61,185.1446218,17,15.16360324,1,1,4.465813993,63,0,49.42896031,3,24
61,64.79594167,20,28.97359379,2,3,7.289980487,28,0,52.37358168,5,6
37,51.86470243,17,21.27751635,9,2,6.449394391,10,2,58.81039213,4,24
47,117.778092,23,24.15241317,3,4,5.942766744,57,1,31.62061758,4,12
28,135.362618,15,46.15474678,6,0,10,74,0,62.94665371,3,12
45,118.6922101,20,12.97623737,5,2,8.878923579,26,0,17.44228122,2,12
42,37.302316,17,27.02991729,2,1,5.27474191,20,1,23.28486675,4,24
56,116.4351984,11,28.74154537,7,1,7.519954295,38,1,92.71252202,3,24
50,67.82121998,14,33.6862906,4,1,9.187037913,45,1,39.79758521,3,12
18,146.786902,9,25.78386523,1,0,4.755701269,65,0,64.59038702,1,24
44,134.6639298,16,27.46440432,4,1,7.115474712,35,0,83.96580785,4,12
69,82.40480855,20,21.86681146,6,2,7.186109089,74,1,3.710878424,3,6
30,99.44532331,13,27.15301553,7,3,5.088260676,81,2,72.5249236,1,6
58,77.63145912,19,22.2544618,7,5,7.569325457,64,1,62.97887213,1,6
20,117.4928361,19,29.97257512,7,3,8.674369586,62,0,82.80794562,1,12
56,158.2056928,15,22.04311731,3,2,9.262071387,34,0,26.36953677,2,12
23,80.57095815,13,28.01680315,6,4,6.625953848,30,1,79.02509314,3,24
25,140.1618606,14,24.76589749,8,3,10,27,0,35.21171137,3,24
44,98.78969527,14,34.00840201,4,2,3.91304987,0,1,71.09555629,3,6
26,88.28508671,12,24.58885021,8,1,7.534325065,24,2,49.27957928,1,12
54,115.7187856,12,10.81574025,2,1,4.88155852,42,0,65.41537613,3,12
50,78.5903071,16,35.09537201,9,4,7.135273956,83,0,50.97738367,2,12
68,97.85402779,16,17.75414159,9,5,6.217139875,66,2,13.21196832,1,6
59,72.0848843,14,19.76986929,8,1,7.760316185,62,2,0,1,6
61,198.5890053,15,20.23470965,1,3,6.809678929,50,0,54.19831068,1,36
41,121.4105421,14,35.99550475,2,2,5.761023733,1,1,44.72529925,4,24
32,92.01097968,16,7.914606288,6,1,5.859563579,81,0,57.96441903,3,6
49,128.5591964,16,50.10198827,5,2,9.898689246,63,1,44.95693068,2,12
49,115.506878,19,33.44845447,9,1,7.665285608,73,2,90.36154765,2,12
41,111.161216,24,26.78591131,5,2,4.44680694,68,1,54.61074256,3,24
58,144.566668,11,24.560848,2,1,7.826181603,8,0,41.06104545,2,12
69,150.3003084,13,27.2844326,4,0,6.707985006,1,1,56.74726133,4,6
66,98.7799541,15,29.16897943,9,2,7.006901631,33,1,41.42650406,2,24
66,96.96727037,12,30.16172469,1,1,8.229832231,59,1,51.85860468,3,12
69,108.9979321,19,29.44483573,1,2,8.774840761,60,2,25.65039626,5,12
29,27.92315341,13,25.71664545,7,3,5.711780908,30,0,49.82829596,5,12
56,59.39235751,18,23.42129264,3,0,6.955387519,9,1,40.44295208,2,12
19,174.6749707,14,23.78981373,2,0,6.180833496,75,2,27.54526749,1,12
20,185.7987085,11,23.44073376,9,2,7.895293272,35,0,89.51471736,1,12
66,110.0385584,11,34.07016077,3,1,6.651543259,84,0,28.3252926,4,12
54,143.0622785,17,29.74845378,2,2,7.04387722,48,1,50.13928447,1,6
66,132.4500062,16,5,8,3,6.594584858,69,2,33.9438393,4,24
34,243.1552323,25,30.24720621,6,2,6.840820727,48,2,55.94078942,1,6
66,164.7829965,19,26.55788956,6,3,9.556976509,2,0,24.51229731,5,6
19,114.8832963,24,24.85032995,7,3,10,73,1,66.80713648,1,24
19,81.77838238,12,21.89185238,7,3,7.565638141,4,2,90.72312373,1,24
45,55.74214719,16,33.99290176,6,2,6.85004533,89,2,33.20921526,2,24
40,128.1385454,13,32.5802117,4,0,4.606544859,60,2,74.33937725,4,12
54,89.74597019,18,18.81697866,9,2,5.8593727,84,1,42.36241311,0,12
49,63.10985162,19,28.2564183,6,2,6.809895946,89,2,80.11582242,4,24
50,94.13708463,17,17.22674612,4,2,5.927405169,25,1,93.76997972,0,24
18,76.73807986,16,13.96305468,3,3,6.085148856,71,0,45.32589977,1,12
36,187.4856654,16,19.9862622,4,1,9.363084211,4,0,19.59467838,3,36
19,155.2655903,11,31.89914778,3,2,7.043186221,14,1,68.96168775,1,6
61,119.6810943,16,32.62500036,2,0,7.177317987,15,2,54.48834416,4,36
43,179.1977656,12,29.10468336,5,0,5.988714159,0,0,60.03582336,3,24
49,123.0947323,16,30.80076629,2,2,8.766317087,15,0,43.20309916,2,24
23,85.54863195,17,29.1294263,6,3,6.681132058,36,1,32.31014363,4,36
49,180.9249631,14,19.86814724,3,1,6.218704502,2,4,73.20696362,7,24
21,141.5564017,10,28.45538036,6,1,4.628873774,51,0,56.39579989,4,6
28,78.51015383,18,31.4032762,9,4,6.908347129,46,1,21.12885932,4,12
34,112.3864529,12,31.03433064,1,1,6.171912997,12,1,63.73750446,3,6
55,84.97526986,11,34.51130697,6,2,9.526869619,79,1,59.72337196,3,12
41,64.68801076,11,30.66643078,9,0,9.765848038,54,1,43.49402151,2,24
22,157.0471019,8,27.81158566,4,4,5.147079258,20,0,82.39626468,2,12
69,196.3766656,8,33.56120191,2,3,5.316770143,65,1,37.63653675,3,12
51,64.05729705,12,24.78782993,4,2,6.585520547,53,2,46.62027004,3,12
23,142.5187695,20,17.94500279,1,2,5.775943157,26,1,65.37296176,2,24
39,93.97429724,15,23.69546429,3,3,7.326124864,37,2,51.53525901,3,6
28,100.5149846,13,19.04077884,9,3,6.510064766,89,2,22.31153691,3,12
65,96.30424303,16,19.5985738,5,1,7.420798511,57,2,53.67598746,3,6
33,85.44036921,15,23.84385063,6,3,8.524140282,61,2,41.71220416,4,24
50,121.9408651,11,18.66064063,3,3,5.403667734,45,0,67.1399249,3,6
26,86.76199534,11,22.53630776,5,0,8.492816834,88,1,53.02436688,8,24
23,130.818273,9,9.851082664,8,4,5.907021379,10,1,51.89015306,3,12
33,117.9904756,18,26.70634966,6,4,10,71,2,29.03497673,2,6
46,110.4420781,17,25.0096438,4,2,9.431463949,7,1,45.39949384,4,36
20,83.69745352,22,18.46329095,2,2,6.830379496,70,0,69.40202188,0,6
37,96.92914678,14,30.27396535,9,2,5.554624833,63,2,34.46927311,4,12
53,150.215649,15,32.5005611,1,0,5.26770103,20,1,49.34899554,2,6
36,140.0366875,15,12.13952109,1,2,8.310442753,71,0,31.27107897,1,12
43,80.89779021,9,18.89820177,4,2,6.95439585,62,0,26.32314718,2,12
20,123.9732922,10,18.8468612,7,3,8.390300329,84,3,48.3028191,1,12
36,150.0554849,18,17.48077519,1,0,10,63,0,53.4760233,1,6
37,53.22378876,12,31.63579874,9,1,5.844425592,19,1,89.87725878,4,12
49,141.7344077,9,23.44939089,4,3,5.154792634,7,1,40.89079232,3,24
24,93.49504964,16,22.88388127,3,3,7.288840352,57,0,48.99661465,2,24
69,142.8239467,14,8.969101085,1,4,8.717139417,45,0,24.99852964,3,12
58,89.46963374,16,30.08334424,4,0,5.589309565,30,2,62.2448003,3,12
50,47.80471597,22,15.08593284,9,3,7.051937108,8,0,57.96189559,3,12
57,54.89830248,14,25.47946104,6,1,9.055065492,14,0,79.76789355,5,12
56,121.9233979,19,27.2190155,6,2,4.550683242,25,2,72.23244303,4,6
35,130.3889001,8,35.88526877,1,5,7.352976942,9,0,57.02813338,1,12
57,83.827335,11,14.52943681,2,0,6.18984536,28,1,40.59857001,2,12
18,145.5436984,22,5,6,1,7.186234886,79,0,54.09336876,3,12
28,53.53919751,16,26.47079636,2,3,8.064676436,35,1,47.77973076,3,12
45,117.3568081,11,39.40408945,3,3,7.331212762,83,0,69.06795066,5,36
42,71.55935201,14,34.91157082,4,1,5.484666397,36,2,66.5246298,2,6
67,93.92655569,13,26.67727532,5,0,6.248130793,85,1,44.07169113,3,24
40,121.8959469,25,21.06691051,9,3,9.13988947,70,0,20.7601244,4,24
48,85.58346539,13,31.45698077,4,3,7.493399341,22,3,76.667746,2,12
47,104.6177782,14,17.2116304,9,0,8.260478691,40,1,61.63747914,2,12
59,160.2517124,17,28.81086215,3,2,7.375442965,79,3,43.61019859,1,12
52,96.92432522,16,29.04376127,8,0,8.213674102,27,2,60.85746696,3,6
24,153.4276845,10,33.48167926,1,4,6.405780865,47,0,51.49722613,4,12
33,74.81172581,18,47.07728031,9,0,5.84873253,37,1,76.37235852,6,24
43,141.1921671,10,28.13932774,9,2,8.145546574,30,1,11.40439536,2,6
65,177.6627448,13,20.92829099,2,1,8.691061016,13,1,42.05618067,5,12
69,21.13421999,17,24.7954055,4,0,5.628578034,72,0,81.98109031,4,24
66,88.12418978,19,10.84739276,8,1,6.136082783,87,2,61.26396807,7,24
19,143.0828851,13,19.44229495,7,2,6.755160358,76,0,85.45213337,4,12
18,111.8781846,15,21.7257405,1,5,9.429736907,89,2,25.56385814,3,24
65,134.8458349,14,20.80729282,5,1,7.844703183,28,0,71.44393432,2,12
29,95.84059253,13,26.21883898,7,3,5.013869755,50,4,70.24448847,5,6
22,123.4635915,19,18.42064054,4,1,6.860525813,48,1,16.36542929,6,12
54,113.7729106,18,33.96824534,1,5,6.631181866,42,0,44.08995421,2,12
49,166.7112825,14,25.00165652,9,2,5.240095666,71,1,47.8694179,2,36
26,130.1768337,18,24.92559743,5,0,6.842812125,86,2,17.60887942,2,6
58,133.5041065,15,22.37684227,2,1,6.564943841,4,1,44.50795347,1,12
52,103.5249214,25,26.24152547,8,2,6.457551215,41,1,67.46366282,4,12
36,100.495751,9,31.60078612,2,0,6.388927949,6,2,42.18153881,5,12
65,102.6976725,14,18.06295827,3,1,9.207090323,41,1,54.84266311,5,6
33,135.7780857,9,19.73506809,1,3,6.454445326,35,2,54.98740565,5,12
20,103.1606208,10,22.57019177,2,0,7.074506584,26,1,49.75713178,3,24
37,131.5909943,18,14.23303261,7,0,6.911852932,57,1,35.89635952,5,12
41,203.0160319,13,18.44593712,2,2,6.242474724,45,1,63.1762795,3,12
50,154.8449881,14,21.19023301,6,2,7.119257099,65,0,18.25932477,0,12
41,106.9590587,19,31.99511345,3,2,7.098025894,24,2,50.17176277,2,12
69,168.0485569,17,27.10049063,4,4,7.11963479,72,0,77.70972681,2,12
28,103.6769851,12,26.54871929,8,3,5.711150287,26,1,41.052535,3,24
66,38.47501859,14,31.8071837,3,1,6.690813239,0,0,35.45357557,3,36
25,79.67654756,17,23.90102569,6,3,8.140482813,86,1,64.51032278,4,12
53,45.16832316,8,28.1237188,1,1,6.730275053,73,2,53.26863521,4,12
55,105.9394606,10,24.17422598,7,3,7.242672869,41,2,64.90894564,3,24
57,120.7367352,15,27.1228988,8,3,7.250555501,51,0,50.76996971,2,12
37,187.0574925,5,20.33793074,8,2,7.626092696,24,1,2.234150985,2,12
52,133.077095,18,5.489462734,3,3,7.837976373,53,2,73.59826821,4,12
65,111.2359788,8,23.9257667,1,2,6.738774085,66,3,91.40052765,3,24
42,153.1762232,24,36.38198509,9,3,5.632997045,5,2,75.68082014,0,12
52,31.55458764,13,32.40972322,6,1,5.171927007,57,1,0,4,24
42,129.4245823,13,32.72317988,9,3,8.526529619,69,0,59.02176425,3,24
46,150.8346078,17,34.88904577,7,2,8.155375672,52,1,40.66508379,2,12
35,60.85655017,11,25.70926073,1,4,7.974047027,65,0,28.31512493,1,24
63,165.7501617,17,26.57852566,1,3,8.216805292,57,1,52.45464323,3,24
35,133.5398563,12,20.05878484,6,1,6.757666025,81,1,47.0210541,3,12
19,103.3884834,12,22.47141715,5,1,6.062685373,86,2,60.17315609,2,6
52,145.3112746,16,29.9261692,9,2,5.529388885,1,3,51.13160379,1,6
33,210.8277143,11,34.6310755,2,4,5.365975005,75,0,27.58375786,3,12
58,127.2746502,16,23.88442979,8,2,8.818238033,21,1,38.46796447,5,12
53,129.9288235,17,21.39848588,5,3,6.260282716,36,1,35.24082887,4,12
50,101.625564,19,25.00422367,2,1,8.582288604,19,0,15.67033647,3,6
21,86.00622522,16,29.80965399,6,2,6.719671254,23,0,22.56710712,4,24
50,153.2134327,19,13.44916147,8,4,5.985638188,83,0,45.7786266,6,12
31,85.75664696,10,6.630552375,4,4,5.358452804,64,2,78.47508151,4,12
38,122.8626495,22,20.5957052,2,1,6.117768465,64,1,39.28885841,2,12
65,100.8937021,13,15.23430059,5,3,9.127358174,80,1,34.8513845,2,12
37,139.159193,14,20.93487842,2,0,5.37368488,0,4,26.37426387,2,12
25,133.3464842,23,23.81775745,2,2,10,2,3,50.6107299,2,12
24,161.5015978,10,21.37401273,6,5,5.739088859,45,0,73.58518669,2,6
20,99.59934405,12,36.61974028,9,1,8.124924956,54,1,90.05365533,2,24
34,109.2050026,22,27.61395812,4,2,6.782123059,74,1,55.70798753,2,24
50,80.84945137,18,27.40379488,6,2,6.519160626,87,1,52.79987485,1,12
65,102.2282696,19,29.97765715,7,0,5.092868834,85,0,39.13053785,2,24
29,135.0920197,18,15.88933506,6,3,6.852410526,63,2,42.46866757,1,24
68,150.2795447,11,33.3128943,8,1,5.262571005,44,1,62.58350182,4,6
39,83.11338703,6,24.39388571,4,4,4.47763435,25,1,43.70249336,1,36
39,154.7842368,10,30.36384494,1,5,7.179398017,76,1,46.75435106,4,24
63,174.2255144,19,16.42514214,7,3,6.04686534,64,1,49.4930545,2,12
47,136.5373961,15,12.56992987,3,2,9.526522774,23,1,38.18343778,1,6
55,195.0718325,18,31.54311726,6,0,8.500032573,73,0,48.50041482,4,6
55,89.04843204,16,28.01127621,2,3,9.546148272,34,1,9.611877424,4,6
62,70.21381187,12,17.78358757,9,1,5.978675643,23,0,60.97671766,4,24
68,48.85119004,17,18.04269535,1,1,7.20420661,27,1,97.03543678,2,12
25,179.8417725,10,34.00347828,6,1,3.06899356,79,0,38.9591277,2,24
44,146.1746263,9,15.48470486,6,1,6.577296429,15,4,57.4767429,2,24
44,117.7766132,19,38.14138363,5,2,7.147747522,58,0,67.0315264,2,24
51,131.1987451,16,17.79503412,5,2,7.231072117,80,3,75.60430545,2,24
38,74.98043811,16,30.1071354,1,1,6.936447384,53,0,44.71357023,5,6
47,217.8300792,13,22.37105219,5,0,7.099888858,78,3,13.93365493,1,12
50,125.1688473,16,29.82549945,2,5,2.930136049,15,0,55.34463902,1,24
45,124.3757918,18,20.64708798,7,0,7.384332754,14,0,52.57257381,5,6
64,149.030665,18,23.69765675,3,0,7.725159838,10,1,43.08667251,3,6
50,139.2403693,24,25.3273534,4,1,9.007038104,64,0,47.32975754,2,24
22,128.955361,13,16.98250035,3,1,7.553107089,78,1,52.8736089,4,24
65,88.38102178,13,30.92659476,3,3,6.8038944,89,1,57.23523984,2,12
36,138.8587343,14,20.89429147,4,1,8.657412883,67,4,56.3961942,3,24
21,195.2809799,20,23.17120068,5,0,3.463998663,42,0,45.64628681,3,24
52,173.8168018,14,17.045205,1,1,6.227577204,68,0,57.6855767,4,12
66,183.7274651,17,5,4,4,5.85128503,12,2,44.29938303,4,6
34,99.55137294,16,23.4717779,8,2,6.9482173,9,1,62.84051003,2,36
61,80.41580719,19,44.30092337,7,0,3.701960782,74,2,37.45114329,2,12
45,114.9685232,16,31.2768343,9,3,8.979453493,81,1,51.46116384,1,6
47,122.2289965,17,24.84591696,5,1,6.62528515,40,1,17.52522836,6,12
46,163.7676607,16,22.89687337,4,1,7.478195037,49,0,42.60179061,4,24
63,52.30141481,16,25.17972714,8,0,7.334636838,86,1,61.34977442,3,12
23,181.1820128,17,29.37695292,9,3,8.893734842,70,1,29.32530267,2,12
52,113.6796841,12,15.55349748,7,1,4.207074798,58,0,43.59799047,2,12
58,102.9247572,15,33.91457356,7,0,7.168481748,38,2,1.898609002,2,36
54,79.51582499,7,30.72305052,5,2,8.719267391,2,0,22.63851783,5,6
41,53.80573313,19,30.74548581,4,3,6.85302033,75,2,27.87050888,1,12
46,152.9268234,14,28.50780591,1,1,5.57309591,6,0,52.03502102,3,36
66,122.9327187,13,25.15693326,7,5,6.094164827,48,0,56.66818025,1,6
63,68.40156401,9,30.38288989,1,3,6.410586997,25,1,48.87888868,1,36
48,68.19684912,16,29.73451307,1,3,5.918424956,32,0,42.34813234,7,36
52,106.568612,17,22.16767431,5,4,6.770783324,47,2,42.41796503,6,24
50,186.760861,17,20.41118582,9,1,9.262371105,78,1,64.32091498,1,12
69,109.6163459,9,25.81485036,6,2,6.103952852,1,0,54.25639694,5,24
38,59.87428188,19,37.39216121,3,2,6.268489039,70,0,43.32108807,3,24
49,110.1702774,16,15.08714339,3,2,7.689670876,31,1,75.8659899,2,36
40,109.0910572,11,13.25979787,7,2,6.737769454,3,2,88.99950082,3,6
50,20,13,26.31808673,6,3,5.0062223,19,1,25.085151,3,24
20,117.8282053,12,25.40710161,9,3,6.908217343,35,3,60.4502014,4,12
35,110.7626188,12,26.38673331,6,2,6.851662851,31,1,100,6,6
42,147.8482546,11,26.95162558,5,3,8.463517518,27,1,55.60411082,3,12
59,193.9582438,14,23.21438196,7,1,5.541771403,76,0,52.30885272,3,24
48,165.0626012,10,36.91890751,1,3,8.473479224,0,1,48.8853212,5,12
20,109.2444524,18,12.19276817,7,5,6.853253782,59,0,59.80363035,0,12
57,75.73896365,14,18.3720238,3,0,5.338087494,55,1,65.09798333,5,36
63,222.9343921,18,24.17396192,9,1,5.036832532,34,1,25.10466252,2,12
41,122.3687374,16,11.85448951,6,2,9.901582792,29,0,49.47032743,1,24
67,120.5571717,18,23.59316476,9,0,6.760125966,53,0,4.61004271,4,12
49,119.0349965,24,38.29176133,5,2,8.404756175,35,2,45.81366767,4,12
64,127.9233904,7,25.16709191,7,0,4.437820908,54,1,31.94622812,5,24
39,114.2255835,12,26.84560725,4,2,10,88,2,56.78355158,2,36
40,97.05351972,21,14.91868188,7,1,8.339866943,79,0,16.87238946,2,12
19,98.12564235,12,20.06910874,1,3,6.616839679,57,2,39.75365379,4,24
44,118.6898692,14,21.99842896,7,2,6.540751213,82,2,69.33088501,4,6
59,98.26300915,8,22.45827923,8,5,8.101897192,64,0,36.47333697,3,12
19,91.48616869,4,35.25315036,5,3,8.01577253,68,0,11.90128445,1,12
43,124.2572091,21,29.46152849,2,1,7.273793921,50,1,55.15066306,1,6
34,109.8009113,15,16.10833634,5,1,7.016318137,21,1,38.26942014,1,12
57,180.1597195,13,26.97203823,6,3,7.841600626,87,1,46.28229128,1,12
50,20,25,28.98577399,2,0,4.38744467,52,1,35.40260827,4,6
26,163.6602741,22,34.12119231,6,0,6.443087931,35,2,89.48793489,3,12
60,169.8434077,14,37.64432549,6,1,4.529704213,67,2,18.83854528,4,12
65,37.0643907,12,16.87924647,1,1,7.906888517,35,1,100,3,12
56,106.2924962,11,18.51313991,1,2,5.986279043,51,0,42.18726938,3,36
46,105.1423654,16,14.93937713,3,4,4.642632882,52,1,53.66893152,3,24
59,63.69953221,9,23.12784113,3,2,5.809320214,81,1,38.50407165,0,12
43,88.8873325,11,28.730867,4,6,7.224034302,49,2,37.6673288,6,36
52,75.57696618,20,32.89867613,2,1,6.692157426,79,1,34.30340193,4,24
67,190.0908177,15,24.39239181,9,2,5.240265161,40,2,62.02515924,1,12
42,157.4271357,8,22.44121981,7,1,4.442697097,17,0,21.78400613,6,6
41,170.8622038,15,26.21406394,7,3,7.110899181,21,2,57.28217088,1,24
30,148.8668826,14,18.31885679,6,3,6.12884784,65,2,6.310145299,3,12
24,74.83792915,11,41.71630977,3,2,6.612878935,20,1,55.47057542,6,24
53,99.01918935,14,12.13871178,6,4,6.760472219,43,0,66.98285212,3,24
62,139.5749824,17,26.47792463,8,2,7.645098531,46,0,24.50961785,1,24
37,71.11488764,7,41.18884975,8,3,8.270419753,38,1,63.57485203,4,36
18,148.5199372,19,25.05439876,9,2,7.219763801,28,0,51.02770821,1,12
25,110.3869841,11,23.47968772,1,2,6.519306175,53,0,81.96852911,4,6
63,105.0071677,10,22.14043662,1,1,7.037145307,89,0,32.89587235,5,24
33,148.4383987,18,23.55686655,3,3,6.491144549,84,1,100,1,12
31,137.7705325,12,35.9827878,3,3,4.53616997,16,0,2.184356913,2,24
29,105.5613534,15,7.305104709,8,2,8.637919257,79,3,43.40992399,5,36
68,166.3731921,15,37.26746961,1,0,8.355158294,59,1,16.02860579,9,24
40,76.7574669,9,13.60834278,2,1,9.98250099,30,0,87.02108354,5,12
32,144.6374243,19,22.86678137,2,1,10,72,0,44.76598012,4,12
45,143.7240503,11,21.56604464,3,5,5.235969802,77,1,46.56629845,4,12
51,107.6181424,12,29.70842616,6,1,6.496900119,48,0,58.86476196,4,12
19,133.0453209,16,12.21500518,1,3,10,1,0,49.90389627,3,24
49,69.95545694,19,28.69738133,2,2,6.939174077,47,2,38.12476887,2,24
40,156.9610808,21,41.19447699,1,3,7.366316354,13,1,24.86705499,2,24
39,112.6039145,10,14.09460796,5,4,4.718305072,58,1,53.37026805,7,6
68,99.09107918,19,26.51764934,7,3,7.225432947,57,1,57.57667265,4,12
42,161.960369,10,19.70414258,8,3,9.897910562,57,1,63.90754473,3,24
39,91.82625238,17,28.40709765,1,2,8.929938715,50,1,88.25453701,1,12
39,63.66154815,14,25.15318222,7,3,6.085023068,83,1,6.524621912,1,12
66,57.73483306,19,19.86810473,5,2,6.40552545,1,1,48.64565605,2,24
69,144.2403981,26,28.90297828,1,2,5.303649561,40,2,73.83475672,2,24
59,68.7828259,17,39.43478488,3,5,5.72325529,82,2,47.50955151,4,12
23,190.1917673,20,23.47276967,7,4,4.134682107,81,1,3.236550926,3,24
32,36.72282368,10,30.75806354,1,1,6.872770488,15,2,24.1792085,4,6
60,187.8582547,16,14.65381634,7,2,9.26516602,3,0,56.57139699,6,36
54,128.4406987,11,17.34850899,5,3,7.533147886,11,2,55.8439459,2,6
50,116.1314755,19,28.77925022,1,2,9.049358485,28,1,63.45039397,5,6
25,98.20323653,17,36.87292823,1,2,8.609874101,6,1,34.37982113,1,24
61,135.9654446,15,27.84490679,1,0,6.179787866,13,0,55.1976647,4,12
61,118.4946119,14,22.49553576,9,3,5.860740008,11,3,31.08273384,2,24
22,164.1320753,15,24.99433124,3,2,5.918223165,4,0,55.19915987,5,24
56,124.5691059,13,14.99673813,5,3,4.424407077,80,1,51.06424394,2,24
21,126.0120705,9,29.83612261,9,2,7.048495349,31,0,33.5827996,4,36
23,105.4555115,10,32.0586645,6,3,2.643303405,73,1,81.16367262,2,12
62,117.7221751,14,21.38327734,9,2,7.887123264,42,1,15.887281,6,24
49,132.3120708,17,21.23966282,8,2,7.107821404,80,1,47.16758034,2,6
69,51.59326429,13,27.12702584,8,2,7.7071598,68,0,33.14188871,0,12
47,66.07258312,17,21.50624211,1,3,8.585524424,44,0,86.68404072,2,24
64,149.7305638,17,24.47093908,9,2,7.298191883,8,2,61.96796015,3,12
52,126.8346175,17,41.79777431,6,1,9.447357606,48,0,37.01379249,2,12
57,112.6406665,11,23.02379439,9,1,7.932918716,32,1,44.40569421,4,12
69,120.7373573,12,22.13327878,3,3,5.86430973,17,0,87.22514748,2,24
33,133.9032682,12,19.81966555,3,0,6.643433437,8,2,31.07448737,2,36
30,98.40961279,17,30.95353577,6,0,3.60806346,61,0,14.71103656,4,6
67,88.86781098,13,23.55020661,9,3,5.646714339,56,1,55.82013725,1,12
59,127.8338102,19,19.80501569,7,2,6.428505391,28,0,56.27280735,1,24
47,80.8650889,17,35.57043226,3,2,7.819410414,77,2,63.32069147,4,12
36,136.3301102,9,36.35682404,3,0,5.874458457,24,2,63.45251522,3,6
34,51.89665583,14,20.19661147,2,2,5.130603979,14,2,85.41411301,8,12
36,161.1662255,15,10.06768039,9,1,4.168702145,5,1,15.63725019,1,12
45,138.9038993,29,33.06010952,3,2,6.105373722,41,0,25.94393611,4,6
43,130.2411894,14,19.52296139,5,3,9.926277704,28,0,63.24406668,2,24
54,159.3076394,12,31.32500479,9,1,7.406660552,78,2,27.88748997,2,12
43,186.6189778,18,9.239169458,8,5,8.409369119,3,1,20.86824053,3,36
40,160.5748026,19,32.14077871,2,1,5.649918651,81,0,87.31689105,4,24
26,46.36503075,20,15.31062457,3,2,4.63982536,56,0,17.60115737,3,24
29,68.81692133,17,30.84611295,2,2,5.168383804,48,0,42.97455926,4,6
18,95.00725689,9,25.11418454,8,1,6.854303336,43,0,48.81265098,5,12
18,121.043642,13,17.36848464,6,3,4.008806735,79,3,76.18273284,5,6
64,140.7063608,12,21.7437095,6,1,5.490114375,74,1,12.62393883,2,36
51,90.97024747,18,30.49054766,9,1,6.120458971,13,0,58.30950303,5,6
49,127.4706706,17,25.84715562,8,1,5.018612041,2,2,32.19245883,3,12
65,89.78468271,21,29.67530384,4,1,3.814475474,61,1,62.55222425,5,12
42,95.53928788,8,40.81152468,4,4,7.434480547,63,1,31.86384548,3,12
57,63.73355613,19,12.48606711,9,0,7.068807167,44,1,81.44612512,6,12
62,83.07067016,20,37.9377006,1,1,8.168544801,81,0,31.98059963,1,12
18,65.93261578,16,25.8348475,2,1,5.334361376,57,1,0.760405882,1,6
